"X1","X2","X3","X4"
"AAPL","http://www.google.com/finance?q=AAPL","Apple Inc.","4.136831"
"MSFT","http://www.google.com/finance?q=MSFT","Microsoft Corporation","2.109615"
"XOM","http://www.google.com/finance?q=XOM","Exxon Mobil Corporation","1.954187"
"JNJ","http://www.google.com/finance?q=JNJ","Johnson & Johnson","1.497311"
"GE","http://www.google.com/finance?q=GE","General Electric Company","1.448362"
"WFC","http://www.google.com/finance?q=WFC","Wells Fargo & Company","1.379934"
"BRK.B","http://www.google.com/finance?q=BRK.B","Berkshire Hathaway Inc. Class B","1.377516"
"JPM","http://www.google.com/finance?q=JPM","JPMorgan Chase & Co.","1.245885"
"PG","http://www.google.com/finance?q=PG","Procter & Gamble Company","1.164134"
"PFE","http://www.google.com/finance?q=PFE","Pfizer Inc.","1.135348"
"VZ","http://www.google.com/finance?q=VZ","Verizon Communications Inc.","1.114085"
"CVX","http://www.google.com/finance?q=CVX","Chevron Corporation","1.104286"
"T","http://www.google.com/finance?q=T","AT&T Inc.","0.947233"
"DIS","http://www.google.com/finance?q=DIS","Walt Disney Company","0.922097"
"FB","http://www.google.com/finance?q=FB","Facebook Inc. Class A","0.920497"
"AMZN","http://www.google.com/finance?q=AMZN","Amazon.com Inc.","0.893931"
"BAC","http://www.google.com/finance?q=BAC","Bank of America Corporation","0.876308"
"MRK","http://www.google.com/finance?q=MRK","Merck & Co. Inc.","0.867674"
"GOOGL","http://www.google.com/finance?q=GOOGL","Google Inc. Class A","0.865455"
"KO","http://www.google.com/finance?q=KO","Coca-Cola Company","0.859016"
"C","http://www.google.com/finance?q=C","Citigroup Inc.","0.857587"
"GOOG","http://www.google.com/finance?q=GOOG","Google Inc. Class C","0.853233"
"IBM","http://www.google.com/finance?q=IBM","International Business Machines Corporation","0.840054"
"INTC","http://www.google.com/finance?q=INTC","Intel Corporation","0.824243"
"GILD","http://www.google.com/finance?q=GILD","Gilead Sciences Inc.","0.820928"
"CMCSA","http://www.google.com/finance?q=CMCSA","Comcast Corporation Class A","0.801123"
"CSCO","http://www.google.com/finance?q=CSCO","Cisco Systems Inc.","0.789925"
"HD","http://www.google.com/finance?q=HD","Home Depot Inc.","0.784920"
"PEP","http://www.google.com/finance?q=PEP","PepsiCo Inc.","0.749966"
"ORCL","http://www.google.com/finance?q=ORCL","Oracle Corporation","0.748530"
"V","http://www.google.com/finance?q=V","Visa Inc. Class A","0.696932"
"PM","http://www.google.com/finance?q=PM","Philip Morris International Inc.","0.681998"
"WMT","http://www.google.com/finance?q=WMT","Wal-Mart Stores Inc.","0.670405"
"AMGN","http://www.google.com/finance?q=AMGN","Amgen Inc.","0.660721"
"SLB","http://www.google.com/finance?q=SLB","Schlumberger NV","0.630459"
"QCOM","http://www.google.com/finance?q=QCOM","QUALCOMM Incorporated","0.611435"
"CVS","http://www.google.com/finance?q=CVS","CVS Health Corporation","0.609942"
"ACT","http://www.google.com/finance?q=ACT","Actavis Plc","0.593929"
"UNH","http://www.google.com/finance?q=UNH","UnitedHealth Group Incorporated","0.593527"
"MDT","http://www.google.com/finance?q=MDT","Medtronic Plc","0.581415"
"BMY","http://www.google.com/finance?q=BMY","Bristol-Myers Squibb Company","0.579807"
"ABBV","http://www.google.com/finance?q=ABBV","AbbVie Inc.","0.553938"
"MO","http://www.google.com/finance?q=MO","Altria Group Inc.","0.543039"
"MMM","http://www.google.com/finance?q=MMM","3M Company","0.536880"
"BA","http://www.google.com/finance?q=BA","Boeing Company","0.518460"
"UTX","http://www.google.com/finance?q=UTX","United Technologies Corporation","0.512183"
"UNP","http://www.google.com/finance?q=UNP","Union Pacific Corporation","0.507276"
"MCD","http://www.google.com/finance?q=MCD","McDonald's Corporation","0.496286"
"CELG","http://www.google.com/finance?q=CELG","Celgene Corporation","0.491693"
"BIIB","http://www.google.com/finance?q=BIIB","Biogen Inc.","0.489083"
"MA","http://www.google.com/finance?q=MA","MasterCard Incorporated Class A","0.470489"
"COP","http://www.google.com/finance?q=COP","ConocoPhillips","0.441377"
"HON","http://www.google.com/finance?q=HON","Honeywell International Inc.","0.429201"
"GS","http://www.google.com/finance?q=GS","Goldman Sachs Group Inc.","0.425546"
"AIG","http://www.google.com/finance?q=AIG","American International Group Inc.","0.418905"
"SBUX","http://www.google.com/finance?q=SBUX","Starbucks Corporation","0.408368"
"USB","http://www.google.com/finance?q=USB","U.S. Bancorp","0.407406"
"KMI","http://www.google.com/finance?q=KMI","Kinder Morgan Inc Class P","0.402393"
"WBA","http://www.google.com/finance?q=WBA","Walgreens Boots Alliance Inc","0.400917"
"ABT","http://www.google.com/finance?q=ABT","Abbott Laboratories","0.383638"
"NKE","http://www.google.com/finance?q=NKE","NIKE Inc. Class B","0.378126"
"TWX","http://www.google.com/finance?q=TWX","Time Warner Inc.","0.376933"
"LOW","http://www.google.com/finance?q=LOW","Lowe's Companies Inc.","0.373561"
"LLY","http://www.google.com/finance?q=LLY","Eli Lilly and Company","0.371220"
"AXP","http://www.google.com/finance?q=AXP","American Express Company","0.363687"
"UPS","http://www.google.com/finance?q=UPS","United Parcel Service Inc. Class B","0.363410"
"DD","http://www.google.com/finance?q=DD","E. I. du Pont de Nemours and Company","0.362931"
"PCLN","http://www.google.com/finance?q=PCLN","Priceline Group Inc","0.350476"
"EBAY","http://www.google.com/finance?q=EBAY","eBay Inc.","0.348443"
"COST","http://www.google.com/finance?q=COST","Costco Wholesale Corporation","0.346139"
"ESRX","http://www.google.com/finance?q=ESRX","Express Scripts Holding Company","0.337969"
"FOXA","http://www.google.com/finance?q=FOXA","Twenty-First Century Fox Inc. Class A","0.337879"
"F","http://www.google.com/finance?q=F","Ford Motor Company","0.336637"
"OXY","http://www.google.com/finance?q=OXY","Occidental Petroleum Corporation","0.329937"
"MDLZ","http://www.google.com/finance?q=MDLZ","Mondelez International Inc. Class A","0.324996"
"HPQ","http://www.google.com/finance?q=HPQ","Hewlett-Packard Company","0.321891"
"SPG","http://www.google.com/finance?q=SPG","Simon Property Group Inc.","0.315607"
"CL","http://www.google.com/finance?q=CL","Colgate-Palmolive Company","0.315229"
"ACN","http://www.google.com/finance?q=ACN","Accenture Plc","0.314453"
"TXN","http://www.google.com/finance?q=TXN","Texas Instruments Incorporated","0.311521"
"MS","http://www.google.com/finance?q=MS","Morgan Stanley","0.305782"
"MON","http://www.google.com/finance?q=MON","Monsanto Company","0.304730"
"MET","http://www.google.com/finance?q=MET","MetLife Inc.","0.300673"
"DOW","http://www.google.com/finance?q=DOW","Dow Chemical Company","0.299921"
"DUK","http://www.google.com/finance?q=DUK","Duke Energy Corporation","0.296423"
"EOG","http://www.google.com/finance?q=EOG","EOG Resources Inc.","0.285290"
"MCK","http://www.google.com/finance?q=MCK","McKesson Corporation","0.283214"
"EMC","http://www.google.com/finance?q=EMC","EMC Corporation","0.283089"
"LMT","http://www.google.com/finance?q=LMT","Lockheed Martin Corporation","0.278483"
"TGT","http://www.google.com/finance?q=TGT","Target Corporation","0.277013"
"CAT","http://www.google.com/finance?q=CAT","Caterpillar Inc.","0.276038"
"DHR","http://www.google.com/finance?q=DHR","Danaher Corporation","0.273139"
"KRFT","http://www.google.com/finance?q=KRFT","Kraft Foods Group Inc.","0.270388"
"TMO","http://www.google.com/finance?q=TMO","Thermo Fisher Scientific Inc.","0.270343"
"GM","http://www.google.com/finance?q=GM","General Motors Company","0.258137"
"PNC","http://www.google.com/finance?q=PNC","PNC Financial Services Group Inc.","0.253185"
"BLK","http://www.google.com/finance?q=BLK","BlackRock Inc.","0.253101"
"APC","http://www.google.com/finance?q=APC","Anadarko Petroleum Corporation","0.252324"
"BK","http://www.google.com/finance?q=BK","Bank of New York Mellon Corporation","0.250313"
"NEE","http://www.google.com/finance?q=NEE","NextEra Energy Inc.","0.246425"
"DTV","http://www.google.com/finance?q=DTV","DIRECTV","0.242737"
"COF","http://www.google.com/finance?q=COF","Capital One Financial Corporation","0.239023"
"TJX","http://www.google.com/finance?q=TJX","TJX Companies Inc.","0.238719"
"FDX","http://www.google.com/finance?q=FDX","FedEx Corporation","0.237933"
"PSX","http://www.google.com/finance?q=PSX","Phillips 66","0.235968"
"TWC","http://www.google.com/finance?q=TWC","Time Warner Cable Inc.","0.234390"
"D","http://www.google.com/finance?q=D","Dominion Resources Inc.","0.228464"
"GD","http://www.google.com/finance?q=GD","General Dynamics Corporation","0.224674"
"HAL","http://www.google.com/finance?q=HAL","Halliburton Company","0.219722"
"CRM","http://www.google.com/finance?q=CRM","salesforce.com inc.","0.219679"
"LYB","http://www.google.com/finance?q=LYB","LyondellBasell Industries NV","0.219664"
"KMB","http://www.google.com/finance?q=KMB","Kimberly-Clark Corporation","0.218248"
"SO","http://www.google.com/finance?q=SO","Southern Company","0.215858"
"ANTM","http://www.google.com/finance?q=ANTM","Anthem Inc.","0.215791"
"ADP","http://www.google.com/finance?q=ADP","Automatic Data Processing Inc.","0.215485"
"AMT","http://www.google.com/finance?q=AMT","American Tower Corporation","0.215341"
"EMR","http://www.google.com/finance?q=EMR","Emerson Electric Co.","0.214498"
"YHOO","http://www.google.com/finance?q=YHOO","Yahoo! Inc.","0.206773"
"DAL","http://www.google.com/finance?q=DAL","Delta Air Lines Inc.","0.205004"
"BAX","http://www.google.com/finance?q=BAX","Baxter International Inc.","0.204401"
"YUM","http://www.google.com/finance?q=YUM","YUM! Brands Inc.","0.203039"
"AET","http://www.google.com/finance?q=AET","Aetna Inc.","0.201013"
"AAL","http://www.google.com/finance?q=AAL","American Airlines Group Inc.","0.196809"
"PRU","http://www.google.com/finance?q=PRU","Prudential Financial Inc.","0.196697"
"CSX","http://www.google.com/finance?q=CSX","CSX Corporation","0.196568"
"ADBE","http://www.google.com/finance?q=ADBE","Adobe Systems Incorporated","0.193819"
"CTSH","http://www.google.com/finance?q=CTSH","Cognizant Technology Solutions Corporation Class A","0.193708"
"PX","http://www.google.com/finance?q=PX","Praxair Inc.","0.192227"
"ALXN","http://www.google.com/finance?q=ALXN","Alexion Pharmaceuticals Inc.","0.189084"
"ACE","http://www.google.com/finance?q=ACE","ACE Limited","0.189071"
"REGN","http://www.google.com/finance?q=REGN","Regeneron Pharmaceuticals Inc.","0.187465"
"WMB","http://www.google.com/finance?q=WMB","Williams Companies Inc.","0.186574"
"SCHW","http://www.google.com/finance?q=SCHW","Charles Schwab Corporation","0.185858"
"KR","http://www.google.com/finance?q=KR","Kroger Co.","0.185163"
"NFLX","http://www.google.com/finance?q=NFLX","Netflix Inc.","0.183413"
"JCI","http://www.google.com/finance?q=JCI","Johnson Controls Inc.","0.183218"
"CI","http://www.google.com/finance?q=CI","Cigna Corporation","0.182277"
"GIS","http://www.google.com/finance?q=GIS","General Mills Inc.","0.181059"
"RTN","http://www.google.com/finance?q=RTN","Raytheon Company","0.177869"
"TRV","http://www.google.com/finance?q=TRV","Travelers Companies Inc.","0.177858"
"ITW","http://www.google.com/finance?q=ITW","Illinois Tool Works Inc.","0.177516"
"ETN","http://www.google.com/finance?q=ETN","Eaton Corp. Plc","0.175728"
"STT","http://www.google.com/finance?q=STT","State Street Corporation","0.171987"
"NSC","http://www.google.com/finance?q=NSC","Norfolk Southern Corporation","0.171948"
"NOC","http://www.google.com/finance?q=NOC","Northrop Grumman Corporation","0.170108"
"MU","http://www.google.com/finance?q=MU","Micron Technology Inc.","0.167896"
"ADM","http://www.google.com/finance?q=ADM","Archer-Daniels-Midland Company","0.167197"
"ECL","http://www.google.com/finance?q=ECL","Ecolab Inc.","0.166487"
"VRTX","http://www.google.com/finance?q=VRTX","Vertex Pharmaceuticals Incorporated","0.165779"
"VLO","http://www.google.com/finance?q=VLO","Valero Energy Corporation","0.165773"
"AVGO","http://www.google.com/finance?q=AVGO","Avago Technologies Limited","0.164975"
"MMC","http://www.google.com/finance?q=MMC","Marsh & McLennan Companies Inc.","0.163909"
"PPG","http://www.google.com/finance?q=PPG","PPG Industries Inc.","0.162147"
"DE","http://www.google.com/finance?q=DE","Deere & Company","0.161776"
"CAH","http://www.google.com/finance?q=CAH","Cardinal Health Inc.","0.158888"
"BHI","http://www.google.com/finance?q=BHI","Baker Hughes Incorporated","0.158853"
"BDX","http://www.google.com/finance?q=BDX","Becton Dickinson and Company","0.158720"
"ALL","http://www.google.com/finance?q=ALL","Allstate Corporation","0.158412"
"PCP","http://www.google.com/finance?q=PCP","Precision Castparts Corp.","0.156743"
"MYL","http://www.google.com/finance?q=MYL","Mylan N.V.","0.156320"
"APD","http://www.google.com/finance?q=APD","Air Products and Chemicals Inc.","0.155237"
"MHFI","http://www.google.com/finance?q=MHFI","McGraw Hill Financial Inc.","0.154174"
"GLW","http://www.google.com/finance?q=GLW","Corning Incorporated","0.154082"
"LUV","http://www.google.com/finance?q=LUV","Southwest Airlines Co.","0.153557"
"EXC","http://www.google.com/finance?q=EXC","Exelon Corporation","0.152673"
"CCI","http://www.google.com/finance?q=CCI","Crown Castle International Corp","0.151258"
"CBS","http://www.google.com/finance?q=CBS","CBS Corporation Class B","0.151188"
"SYK","http://www.google.com/finance?q=SYK","Stryker Corporation","0.150897"
"CME","http://www.google.com/finance?q=CME","CME Group Inc. Class A","0.150832"
"INTU","http://www.google.com/finance?q=INTU","Intuit Inc.","0.150580"
"MPC","http://www.google.com/finance?q=MPC","Marathon Petroleum Corporation","0.150534"
"AFL","http://www.google.com/finance?q=AFL","Aflac Incorporated","0.150502"
"AEP","http://www.google.com/finance?q=AEP","American Electric Power Company Inc.","0.150071"
"TEL","http://www.google.com/finance?q=TEL","TE Connectivity Ltd.","0.149603"
"EQR","http://www.google.com/finance?q=EQR","Equity Residential","0.149367"
"PSA","http://www.google.com/finance?q=PSA","Public Storage","0.148897"
"AON","http://www.google.com/finance?q=AON","Aon plc","0.146942"
"HUM","http://www.google.com/finance?q=HUM","Humana Inc.","0.144365"
"BBT","http://www.google.com/finance?q=BBT","BB&T Corporation","0.143926"
"HCN","http://www.google.com/finance?q=HCN","Health Care REIT Inc.","0.141642"
"PRGO","http://www.google.com/finance?q=PRGO","Perrigo Co. Plc","0.141089"
"DFS","http://www.google.com/finance?q=DFS","Discover Financial Services","0.140458"
"VIAB","http://www.google.com/finance?q=VIAB","Viacom Inc. Class B","0.138785"
"DVN","http://www.google.com/finance?q=DVN","Devon Energy Corporation","0.136319"
"PXD","http://www.google.com/finance?q=PXD","Pioneer Natural Resources Company","0.135841"
"LO","http://www.google.com/finance?q=LO","Lorillard Inc.","0.135554"
"VFC","http://www.google.com/finance?q=VFC","V.F. Corporation","0.134840"
"SE","http://www.google.com/finance?q=SE","Spectra Energy Corp","0.134764"
"APA","http://www.google.com/finance?q=APA","Apache Corporation","0.134399"
"ICE","http://www.google.com/finance?q=ICE","Intercontinental Exchange Inc.","0.134255"
"SRE","http://www.google.com/finance?q=SRE","Sempra Energy","0.133612"
"PCG","http://www.google.com/finance?q=PCG","PG&E Corporation","0.131602"
"AMAT","http://www.google.com/finance?q=AMAT","Applied Materials Inc.","0.131348"
"BRCM","http://www.google.com/finance?q=BRCM","Broadcom Corporation Class A","0.129869"
"DLPH","http://www.google.com/finance?q=DLPH","Delphi Automotive PLC","0.128561"
"VTR","http://www.google.com/finance?q=VTR","Ventas Inc.","0.128019"
"ABC","http://www.google.com/finance?q=ABC","AmerisourceBergen Corporation","0.127007"
"CMI","http://www.google.com/finance?q=CMI","Cummins Inc.","0.126972"
"BSX","http://www.google.com/finance?q=BSX","Boston Scientific Corporation","0.126887"
"PCAR","http://www.google.com/finance?q=PCAR","PACCAR Inc","0.125749"
"ZTS","http://www.google.com/finance?q=ZTS","Zoetis Inc. Class A","0.125602"
"AMP","http://www.google.com/finance?q=AMP","Ameriprise Financial Inc.","0.125194"
"RAI","http://www.google.com/finance?q=RAI","Reynolds American Inc.","0.124083"
"SHW","http://www.google.com/finance?q=SHW","Sherwin-Williams Company","0.123764"
"DG","http://www.google.com/finance?q=DG","Dollar General Corporation","0.123118"
"CB","http://www.google.com/finance?q=CB","Chubb Corporation","0.122653"
"ORLY","http://www.google.com/finance?q=ORLY","O'Reilly Automotive Inc.","0.122480"
"M","http://www.google.com/finance?q=M","Macy's Inc","0.122269"
"AVB","http://www.google.com/finance?q=AVB","AvalonBay Communities Inc.","0.121252"
"IP","http://www.google.com/finance?q=IP","International Paper Company","0.120760"
"HCA","http://www.google.com/finance?q=HCA","HCA Holdings Inc.","0.120430"
"PPL","http://www.google.com/finance?q=PPL","PPL Corporation","0.120311"
"FCX","http://www.google.com/finance?q=FCX","Freeport-McMoRan Inc.","0.120267"
"NOV","http://www.google.com/finance?q=NOV","National Oilwell Varco Inc.","0.120102"
"WM","http://www.google.com/finance?q=WM","Waste Management Inc.","0.119083"
"AZO","http://www.google.com/finance?q=AZO","AutoZone Inc.","0.118660"
"SYY","http://www.google.com/finance?q=SYY","Sysco Corporation","0.118646"
"CERN","http://www.google.com/finance?q=CERN","Cerner Corporation","0.118142"
"LB","http://www.google.com/finance?q=LB","L Brands Inc.","0.118095"
"PLD","http://www.google.com/finance?q=PLD","Prologis Inc.","0.116344"
"WDC","http://www.google.com/finance?q=WDC","Western Digital Corporation","0.116204"
"TROW","http://www.google.com/finance?q=TROW","T. Rowe Price Group","0.114883"
"ROST","http://www.google.com/finance?q=ROST","Ross Stores Inc.","0.114825"
"STI","http://www.google.com/finance?q=STI","SunTrust Banks Inc.","0.113274"
"PEG","http://www.google.com/finance?q=PEG","Public Service Enterprise Group Incorporated","0.112568"
"MNST","http://www.google.com/finance?q=MNST","Monster Beverage Corporation","0.112318"
"BXP","http://www.google.com/finance?q=BXP","Boston Properties Inc.","0.111986"
"STJ","http://www.google.com/finance?q=STJ","St. Jude Medical Inc.","0.110678"
"CTL","http://www.google.com/finance?q=CTL","CenturyLink Inc.","0.110162"
"CCL","http://www.google.com/finance?q=CCL","Carnival Corporation","0.109931"
"BEN","http://www.google.com/finance?q=BEN","Franklin Resources Inc.","0.109176"
"MRO","http://www.google.com/finance?q=MRO","Marathon Oil Corporation","0.109066"
"CMG","http://www.google.com/finance?q=CMG","Chipotle Mexican Grill Inc.","0.106742"
"EIX","http://www.google.com/finance?q=EIX","Edison International","0.106349"
"ZMH","http://www.google.com/finance?q=ZMH","Zimmer Holdings Inc.","0.106039"
"MJN","http://www.google.com/finance?q=MJN","Mead Johnson Nutrition Company","0.104221"
"ADI","http://www.google.com/finance?q=ADI","Analog Devices Inc.","0.104129"
"ADS","http://www.google.com/finance?q=ADS","Alliance Data Systems Corporation","0.103896"
"STZ","http://www.google.com/finance?q=STZ","Constellation Brands Inc. Class A","0.103661"
"HCP","http://www.google.com/finance?q=HCP","HCP Inc.","0.103486"
"NBL","http://www.google.com/finance?q=NBL","Noble Energy Inc.","0.103032"
"OMC","http://www.google.com/finance?q=OMC","Omnicom Group Inc","0.102564"
"MCO","http://www.google.com/finance?q=MCO","Moody's Corporation","0.102236"
"FISV","http://www.google.com/finance?q=FISV","Fiserv Inc.","0.101086"
"STX","http://www.google.com/finance?q=STX","Seagate Technology PLC","0.100983"
"VNO","http://www.google.com/finance?q=VNO","Vornado Realty Trust","0.100002"
"EL","http://www.google.com/finance?q=EL","Estee Lauder Companies Inc. Class A","0.099987"
"EA","http://www.google.com/finance?q=EA","Electronic Arts Inc.","0.099616"
"IR","http://www.google.com/finance?q=IR","Ingersoll-Rand Plc","0.098035"
"HES","http://www.google.com/finance?q=HES","Hess Corporation","0.097892"
"FIS","http://www.google.com/finance?q=FIS","Fidelity National Information Services Inc.","0.097259"
"SWKS","http://www.google.com/finance?q=SWKS","Skyworks Solutions Inc.","0.097129"
"ISRG","http://www.google.com/finance?q=ISRG","Intuitive Surgical Inc.","0.096859"
"ED","http://www.google.com/finance?q=ED","Consolidated Edison Inc.","0.095811"
"GGP","http://www.google.com/finance?q=GGP","General Growth Properties Inc.","0.095686"
"PH","http://www.google.com/finance?q=PH","Parker-Hannifin Corporation","0.095336"
"WFM","http://www.google.com/finance?q=WFM","Whole Foods Market Inc.","0.094312"
"HIG","http://www.google.com/finance?q=HIG","Hartford Financial Services Group Inc.","0.093341"
"IVZ","http://www.google.com/finance?q=IVZ","Invesco Ltd.","0.093317"
"APH","http://www.google.com/finance?q=APH","Amphenol Corporation Class A","0.092962"
"XEL","http://www.google.com/finance?q=XEL","Xcel Energy Inc.","0.091983"
"ROP","http://www.google.com/finance?q=ROP","Roper Industries Inc.","0.091697"
"SYMC","http://www.google.com/finance?q=SYMC","Symantec Corporation","0.091506"
"WY","http://www.google.com/finance?q=WY","Weyerhaeuser Company","0.090440"
"MAR","http://www.google.com/finance?q=MAR","Marriott International Inc. Class A","0.090379"
"TYC","http://www.google.com/finance?q=TYC","Tyco International PLC","0.088962"
"AA","http://www.google.com/finance?q=AA","Alcoa Inc.","0.087973"
"SIAL","http://www.google.com/finance?q=SIAL","Sigma-Aldrich Corporation","0.087969"
"DLTR","http://www.google.com/finance?q=DLTR","Dollar Tree Inc.","0.087906"
"FITB","http://www.google.com/finance?q=FITB","Fifth Third Bancorp","0.086639"
"ENDP","http://www.google.com/finance?q=ENDP","Endo International Plc","0.086071"
"NTRS","http://www.google.com/finance?q=NTRS","Northern Trust Corporation","0.086001"
"PAYX","http://www.google.com/finance?q=PAYX","Paychex Inc.","0.085862"
"K","http://www.google.com/finance?q=K","Kellogg Company","0.085657"
"CAG","http://www.google.com/finance?q=CAG","ConAgra Foods Inc.","0.084810"
"ES","http://www.google.com/finance?q=ES","Eversource Energy","0.084384"
"MTB","http://www.google.com/finance?q=MTB","M&T Bank Corporation","0.083624"
"SWK","http://www.google.com/finance?q=SWK","Stanley Black & Decker Inc.","0.083517"
"ROK","http://www.google.com/finance?q=ROK","Rockwell Automation Inc.","0.083376"
"LVLT","http://www.google.com/finance?q=LVLT","Level 3 Communications Inc.","0.083054"
"HST","http://www.google.com/finance?q=HST","Host Hotels & Resorts Inc.","0.082765"
"WHR","http://www.google.com/finance?q=WHR","Whirlpool Corporation","0.082236"
"NUE","http://www.google.com/finance?q=NUE","Nucor Corporation","0.081741"
"FE","http://www.google.com/finance?q=FE","FirstEnergy Corp.","0.081568"
"GWW","http://www.google.com/finance?q=GWW","W.W. Grainger Inc.","0.080881"
"DPS","http://www.google.com/finance?q=DPS","Dr Pepper Snapple Group Inc.","0.080495"
"ESS","http://www.google.com/finance?q=ESS","Essex Property Trust Inc.","0.079436"
"KMX","http://www.google.com/finance?q=KMX","CarMax Inc.","0.079430"
"NLSN","http://www.google.com/finance?q=NLSN","Nielsen N.V.","0.079041"
"HSP","http://www.google.com/finance?q=HSP","Hospira Inc.","0.078861"
"LNC","http://www.google.com/finance?q=LNC","Lincoln National Corporation","0.078841"
"KSS","http://www.google.com/finance?q=KSS","Kohl's Corporation","0.078727"
"SNDK","http://www.google.com/finance?q=SNDK","SanDisk Corporation","0.077210"
"RHT","http://www.google.com/finance?q=RHT","Red Hat Inc.","0.077002"
"BF.B","http://www.google.com/finance?q=BF.B","Brown-Forman Corporation Class B","0.076867"
"DVA","http://www.google.com/finance?q=DVA","DaVita HealthCare Partners Inc.","0.076748"
"DTE","http://www.google.com/finance?q=DTE","DTE Energy Company","0.076341"
"PGR","http://www.google.com/finance?q=PGR","Progressive Corporation","0.076226"
"CLX","http://www.google.com/finance?q=CLX","Clorox Company","0.076042"
"MOS","http://www.google.com/finance?q=MOS","Mosaic Company","0.075804"
"EW","http://www.google.com/finance?q=EW","Edwards Lifesciences Corporation","0.075583"
"A","http://www.google.com/finance?q=A","Agilent Technologies Inc.","0.075479"
"NI","http://www.google.com/finance?q=NI","NiSource Inc.","0.075176"
"GMCR","http://www.google.com/finance?q=GMCR","Keurig Green Mountain Inc.","0.075104"
"GPC","http://www.google.com/finance?q=GPC","Genuine Parts Company","0.074707"
"HOT","http://www.google.com/finance?q=HOT","Starwood Hotels & Resorts Worldwide Inc.","0.074692"
"BWA","http://www.google.com/finance?q=BWA","BorgWarner Inc.","0.074685"
"ETR","http://www.google.com/finance?q=ETR","Entergy Corporation","0.074603"
"PFG","http://www.google.com/finance?q=PFG","Principal Financial Group Inc.","0.074530"
"HSY","http://www.google.com/finance?q=HSY","Hershey Company","0.074461"
"CF","http://www.google.com/finance?q=CF","CF Industries Holdings Inc.","0.074048"
"AKAM","http://www.google.com/finance?q=AKAM","Akamai Technologies Inc.","0.073743"
"ADSK","http://www.google.com/finance?q=ADSK","Autodesk Inc.","0.073617"
"EQIX","http://www.google.com/finance?q=EQIX","Equinix Inc","0.073104"
"COG","http://www.google.com/finance?q=COG","Cabot Oil & Gas Corporation","0.072962"
"UA","http://www.google.com/finance?q=UA","Under Armour Inc. Class A","0.072089"
"MNK","http://www.google.com/finance?q=MNK","Mallinckrodt Plc","0.071484"
"COL","http://www.google.com/finance?q=COL","Rockwell Collins Inc.","0.070518"
"RF","http://www.google.com/finance?q=RF","Regions Financial Corporation","0.070476"
"BBBY","http://www.google.com/finance?q=BBBY","Bed Bath & Beyond Inc.","0.070009"
"EQT","http://www.google.com/finance?q=EQT","EQT Corporation","0.069608"
"KORS","http://www.google.com/finance?q=KORS","Michael Kors Holdings Ltd","0.068696"
"AME","http://www.google.com/finance?q=AME","AMETEK Inc.","0.068426"
"BCR","http://www.google.com/finance?q=BCR","C. R. Bard Inc.","0.068358"
"HBI","http://www.google.com/finance?q=HBI","Hanesbrands Inc.","0.067458"
"LH","http://www.google.com/finance?q=LH","Laboratory Corporation of America Holdings","0.067392"
"SLG","http://www.google.com/finance?q=SLG","SL Green Realty Corp.","0.067327"
"NEM","http://www.google.com/finance?q=NEM","Newmont Mining Corporation","0.067312"
"DOV","http://www.google.com/finance?q=DOV","Dover Corporation","0.067031"
"TSCO","http://www.google.com/finance?q=TSCO","Tractor Supply Company","0.066450"
"L","http://www.google.com/finance?q=L","Loews Corporation","0.066304"
"KEY","http://www.google.com/finance?q=KEY","KeyCorp","0.066073"
"HOG","http://www.google.com/finance?q=HOG","Harley-Davidson Inc.","0.065949"
"ALTR","http://www.google.com/finance?q=ALTR","Altera Corporation","0.065643"
"AMG","http://www.google.com/finance?q=AMG","Affiliated Managers Group Inc.","0.065449"
"XRX","http://www.google.com/finance?q=XRX","Xerox Corporation","0.065057"
"TXT","http://www.google.com/finance?q=TXT","Textron Inc.","0.064995"
"LRCX","http://www.google.com/finance?q=LRCX","Lam Research Corporation","0.064813"
"SJM","http://www.google.com/finance?q=SJM","J. M. Smucker Company","0.064180"
"TAP","http://www.google.com/finance?q=TAP","Molson Coors Brewing Company Class B","0.063519"
"EFX","http://www.google.com/finance?q=EFX","Equifax Inc.","0.063107"
"HSIC","http://www.google.com/finance?q=HSIC","Henry Schein Inc.","0.062832"
"RCL","http://www.google.com/finance?q=RCL","Royal Caribbean Cruises Ltd.","0.062707"
"PNR","http://www.google.com/finance?q=PNR","Pentair plc","0.062593"
"KSU","http://www.google.com/finance?q=KSU","Kansas City Southern","0.062139"
"MSI","http://www.google.com/finance?q=MSI","Motorola Solutions Inc.","0.062089"
"MAC","http://www.google.com/finance?q=MAC","Macerich Company","0.061921"
"XLNX","http://www.google.com/finance?q=XLNX","Xilinx Inc.","0.061867"
"COH","http://www.google.com/finance?q=COH","Coach Inc.","0.061809"
"FAST","http://www.google.com/finance?q=FAST","Fastenal Company","0.061220"
"TSN","http://www.google.com/finance?q=TSN","Tyson Foods Inc. Class A","0.060987"
"NVDA","http://www.google.com/finance?q=NVDA","NVIDIA Corporation","0.060919"
"SRCL","http://www.google.com/finance?q=SRCL","Stericycle Inc.","0.060905"
"NTAP","http://www.google.com/finance?q=NTAP","NetApp Inc.","0.060607"
"EMN","http://www.google.com/finance?q=EMN","Eastman Chemical Company","0.060422"
"WEC","http://www.google.com/finance?q=WEC","Wisconsin Energy Corporation","0.060151"
"TSO","http://www.google.com/finance?q=TSO","Tesoro Corporation","0.060145"
"O","http://www.google.com/finance?q=O","Realty Income Corporation","0.059833"
"WYN","http://www.google.com/finance?q=WYN","Wyndham Worldwide Corporation","0.059469"
"MHK","http://www.google.com/finance?q=MHK","Mohawk Industries Inc.","0.059010"
"JWN","http://www.google.com/finance?q=JWN","Nordstrom Inc.","0.058509"
"VMC","http://www.google.com/finance?q=VMC","Vulcan Materials Company","0.058508"
"CTXS","http://www.google.com/finance?q=CTXS","Citrix Systems Inc.","0.058354"
"LLTC","http://www.google.com/finance?q=LLTC","Linear Technology Corporation","0.058203"
"UHS","http://www.google.com/finance?q=UHS","Universal Health Services Inc. Class B","0.057916"
"DGX","http://www.google.com/finance?q=DGX","Quest Diagnostics Incorporated","0.057634"
"NWL","http://www.google.com/finance?q=NWL","Newell Rubbermaid Inc.","0.057550"
"CAM","http://www.google.com/finance?q=CAM","Cameron International Corporation","0.057175"
"GPS","http://www.google.com/finance?q=GPS","Gap Inc.","0.057074"
"WU","http://www.google.com/finance?q=WU","Western Union Company","0.056914"
"CBG","http://www.google.com/finance?q=CBG","CBRE Group Inc. Class A","0.056682"
"PLL","http://www.google.com/finance?q=PLL","Pall Corporation","0.055919"
"KIM","http://www.google.com/finance?q=KIM","Kimco Realty Corporation","0.055870"
"LLL","http://www.google.com/finance?q=LLL","L-3 Communications Holdings Inc.","0.055738"
"WYNN","http://www.google.com/finance?q=WYNN","Wynn Resorts Limited","0.055509"
"XEC","http://www.google.com/finance?q=XEC","Cimarex Energy Co.","0.055264"
"BLL","http://www.google.com/finance?q=BLL","Ball Corporation","0.055252"
"RRC","http://www.google.com/finance?q=RRC","Range Resources Corporation","0.055234"
"WAT","http://www.google.com/finance?q=WAT","Waters Corporation","0.055010"
"SPLS","http://www.google.com/finance?q=SPLS","Staples Inc.","0.054889"
"RSG","http://www.google.com/finance?q=RSG","Republic Services Inc.","0.054761"
"BBY","http://www.google.com/finance?q=BBY","Best Buy Co. Inc.","0.054600"
"CA","http://www.google.com/finance?q=CA","CA Inc.","0.054146"
"CHRW","http://www.google.com/finance?q=CHRW","C.H. Robinson Worldwide Inc.","0.054086"
"CCE","http://www.google.com/finance?q=CCE","Coca-Cola Enterprises Inc.","0.053866"
"OKE","http://www.google.com/finance?q=OKE","ONEOK Inc.","0.053858"
"AEE","http://www.google.com/finance?q=AEE","Ameren Corporation","0.053853"
"SWN","http://www.google.com/finance?q=SWN","Southwestern Energy Company","0.053378"
"HAR","http://www.google.com/finance?q=HAR","Harman International Industries Incorporated","0.052723"
"KLAC","http://www.google.com/finance?q=KLAC","KLA-Tencor Corporation","0.052546"
"MKC","http://www.google.com/finance?q=MKC","McCormick & Company Incorporated","0.052413"
"EXPE","http://www.google.com/finance?q=EXPE","Expedia Inc.","0.052314"
"XL","http://www.google.com/finance?q=XL","XL Group Plc","0.052225"
"MAT","http://www.google.com/finance?q=MAT","Mattel Inc.","0.051706"
"URI","http://www.google.com/finance?q=URI","United Rentals Inc.","0.051549"
"CMS","http://www.google.com/finance?q=CMS","CMS Energy Corporation","0.051287"
"FTI","http://www.google.com/finance?q=FTI","FMC Technologies Inc.","0.051222"
"JNPR","http://www.google.com/finance?q=JNPR","Juniper Networks Inc.","0.051196"
"TIF","http://www.google.com/finance?q=TIF","Tiffany & Co.","0.050844"
"VAR","http://www.google.com/finance?q=VAR","Varian Medical Systems Inc.","0.050760"
"IFF","http://www.google.com/finance?q=IFF","International Flavors & Fragrances Inc.","0.050209"
"SEE","http://www.google.com/finance?q=SEE","Sealed Air Corporation","0.050000"
"MCHP","http://www.google.com/finance?q=MCHP","Microchip Technology Incorporated","0.049994"
"MAS","http://www.google.com/finance?q=MAS","Masco Corporation","0.049962"
"CSC","http://www.google.com/finance?q=CSC","Computer Sciences Corporation","0.048877"
"FFIV","http://www.google.com/finance?q=FFIV","F5 Networks Inc.","0.048706"
"EXPD","http://www.google.com/finance?q=EXPD","Expeditors International of Washington Inc.","0.048378"
"FLR","http://www.google.com/finance?q=FLR","Fluor Corporation","0.048067"
"TRIP","http://www.google.com/finance?q=TRIP","TripAdvisor Inc.","0.047802"
"SNA","http://www.google.com/finance?q=SNA","Snap-on Incorporated","0.047416"
"CNP","http://www.google.com/finance?q=CNP","CenterPoint Energy Inc.","0.047217"
"IPG","http://www.google.com/finance?q=IPG","Interpublic Group of Companies Inc.","0.047127"
"HBAN","http://www.google.com/finance?q=HBAN","Huntington Bancshares Incorporated","0.046610"
"DHI","http://www.google.com/finance?q=DHI","D.R. Horton Inc.","0.046404"
"AES","http://www.google.com/finance?q=AES","AES Corporation","0.046333"
"HRB","http://www.google.com/finance?q=HRB","H&R Block Inc.","0.045927"
"PVH","http://www.google.com/finance?q=PVH","PVH Corp.","0.045659"
"NRG","http://www.google.com/finance?q=NRG","NRG Energy Inc.","0.045474"
"UNM","http://www.google.com/finance?q=UNM","Unum Group","0.045420"
"HRS","http://www.google.com/finance?q=HRS","Harris Corporation","0.045008"
"MLM","http://www.google.com/finance?q=MLM","Martin Marietta Materials Inc.","0.044975"
"DISCK","http://www.google.com/finance?q=DISCK","Discovery Communications Inc. Class C","0.044294"
"RL","http://www.google.com/finance?q=RL","Ralph Lauren Corporation Class A","0.043925"
"CMA","http://www.google.com/finance?q=CMA","Comerica Incorporated","0.043845"
"HP","http://www.google.com/finance?q=HP","Helmerich & Payne Inc.","0.043770"
"DRI","http://www.google.com/finance?q=DRI","Darden Restaurants Inc.","0.043680"
"NAVI","http://www.google.com/finance?q=NAVI","Navient Corp","0.043620"
"CPB","http://www.google.com/finance?q=CPB","Campbell Soup Company","0.043417"
"HAS","http://www.google.com/finance?q=HAS","Hasbro Inc.","0.043328"
"LEN","http://www.google.com/finance?q=LEN","Lennar Corporation Class A","0.043173"
"MUR","http://www.google.com/finance?q=MUR","Murphy Oil Corporation","0.042570"
"ETFC","http://www.google.com/finance?q=ETFC","E*TRADE Financial Corporation","0.042218"
"FLS","http://www.google.com/finance?q=FLS","Flowserve Corporation","0.042207"
"GCI","http://www.google.com/finance?q=GCI","Gannett Co. Inc.","0.042000"
"CTAS","http://www.google.com/finance?q=CTAS","Cintas Corporation","0.041855"
"MWV","http://www.google.com/finance?q=MWV","MeadWestvaco Corporation","0.041690"
"FMC","http://www.google.com/finance?q=FMC","FMC Corporation","0.041624"
"RHI","http://www.google.com/finance?q=RHI","Robert Half International Inc.","0.041274"
"SCG","http://www.google.com/finance?q=SCG","SCANA Corporation","0.041092"
"NWSA","http://www.google.com/finance?q=NWSA","News Corporation Class A","0.040955"
"CINF","http://www.google.com/finance?q=CINF","Cincinnati Financial Corporation","0.040703"
"FDO","http://www.google.com/finance?q=FDO","Family Dollar Stores Inc.","0.040485"
"GT","http://www.google.com/finance?q=GT","Goodyear Tire & Rubber Company","0.040454"
"CHK","http://www.google.com/finance?q=CHK","Chesapeake Energy Corporation","0.039846"
"PCL","http://www.google.com/finance?q=PCL","Plum Creek Timber Company Inc.","0.039573"
"HRL","http://www.google.com/finance?q=HRL","Hormel Foods Corporation","0.039147"
"TMK","http://www.google.com/finance?q=TMK","Torchmark Corporation","0.038993"
"LUK","http://www.google.com/finance?q=LUK","Leucadia National Corporation","0.038589"
"XRAY","http://www.google.com/finance?q=XRAY","DENTSPLY International Inc.","0.038515"
"VRSN","http://www.google.com/finance?q=VRSN","VeriSign Inc.","0.037664"
"SNI","http://www.google.com/finance?q=SNI","Scripps Networks Interactive Inc. Class A","0.037605"
"ARG","http://www.google.com/finance?q=ARG","Airgas Inc.","0.037364"
"ADT","http://www.google.com/finance?q=ADT","ADT Corporation","0.037329"
"PNW","http://www.google.com/finance?q=PNW","Pinnacle West Capital Corporation","0.036663"
"FTR","http://www.google.com/finance?q=FTR","Frontier Communications Corporation Class B","0.036453"
"CNX","http://www.google.com/finance?q=CNX","CONSOL Energy Inc.","0.036022"
"PHM","http://www.google.com/finance?q=PHM","PulteGroup Inc.","0.035903"
"XYL","http://www.google.com/finance?q=XYL","Xylem Inc.","0.035452"
"IRM","http://www.google.com/finance?q=IRM","Iron Mountain Inc.","0.035275"
"POM","http://www.google.com/finance?q=POM","Pepco Holdings Inc.","0.034328"
"PWR","http://www.google.com/finance?q=PWR","Quanta Services Inc.","0.034109"
"TDC","http://www.google.com/finance?q=TDC","Teradata Corporation","0.034097"
"TSS","http://www.google.com/finance?q=TSS","Total System Services Inc.","0.033813"
"JEC","http://www.google.com/finance?q=JEC","Jacobs Engineering Group Inc.","0.032856"
"NFX","http://www.google.com/finance?q=NFX","Newfield Exploration Company","0.032850"
"AIV","http://www.google.com/finance?q=AIV","Apartment Investment and Management Company Class A","0.032812"
"GAS","http://www.google.com/finance?q=GAS","AGL Resources Inc.","0.031896"
"LEG","http://www.google.com/finance?q=LEG","Leggett & Platt Incorporated","0.031877"
"ALLE","http://www.google.com/finance?q=ALLE","Allegion PLC","0.031037"
"TEG","http://www.google.com/finance?q=TEG","Integrys Energy Group Inc.","0.030759"
"PKI","http://www.google.com/finance?q=PKI","PerkinElmer Inc.","0.030433"
"GRMN","http://www.google.com/finance?q=GRMN","Garmin Ltd.","0.029998"
"ESV","http://www.google.com/finance?q=ESV","Ensco plc","0.029891"
"ZION","http://www.google.com/finance?q=ZION","Zions Bancorporation","0.029735"
"RIG","http://www.google.com/finance?q=RIG","Transocean Ltd.","0.029679"
"NDAQ","http://www.google.com/finance?q=NDAQ","NASDAQ OMX Group Inc.","0.029645"
"LM","http://www.google.com/finance?q=LM","Legg Mason Inc.","0.029268"
"R","http://www.google.com/finance?q=R","Ryder System Inc.","0.026920"
"THC","http://www.google.com/finance?q=THC","Tenet Healthcare Corporation","0.026170"
"DISCA","http://www.google.com/finance?q=DISCA","Discovery Communications Inc. Class A","0.025516"
"AN","http://www.google.com/finance?q=AN","AutoNation Inc.","0.025419"
"PBCT","http://www.google.com/finance?q=PBCT","People's United Financial Inc.","0.025391"
"DNB","http://www.google.com/finance?q=DNB","Dun & Bradstreet Corporation","0.025370"
"AVY","http://www.google.com/finance?q=AVY","Avery Dennison Corporation","0.025313"
"FSLR","http://www.google.com/finance?q=FSLR","First Solar Inc.","0.025220"
"TE","http://www.google.com/finance?q=TE","TECO Energy Inc.","0.024017"
"PBI","http://www.google.com/finance?q=PBI","Pitney Bowes Inc.","0.024015"
"FLIR","http://www.google.com/finance?q=FLIR","FLIR Systems Inc.","0.023466"
"HCBK","http://www.google.com/finance?q=HCBK","Hudson City Bancorp Inc.","0.023432"
"GME","http://www.google.com/finance?q=GME","GameStop Corp. Class A","0.023369"
"CVC","http://www.google.com/finance?q=CVC","Cablevision Systems Corporation Class A","0.023102"
"AIZ","http://www.google.com/finance?q=AIZ","Assurant Inc.","0.022805"
"URBN","http://www.google.com/finance?q=URBN","Urban Outfitters Inc.","0.022698"
"JOY","http://www.google.com/finance?q=JOY","Joy Global Inc.","0.021967"
"OI","http://www.google.com/finance?q=OI","Owens-Illinois Inc.","0.021476"
"PDCO","http://www.google.com/finance?q=PDCO","Patterson Companies Inc.","0.021063"
"NE","http://www.google.com/finance?q=NE","Noble Corporation plc","0.021003"
"GNW","http://www.google.com/finance?q=GNW","Genworth Financial Inc. Class A","0.020666"
"QEP","http://www.google.com/finance?q=QEP","QEP Resources Inc.","0.019898"
"FOSL","http://www.google.com/finance?q=FOSL","Fossil Group Inc.","0.019720"
"ATI","http://www.google.com/finance?q=ATI","Allegheny Technologies Incorporated","0.019535"
"DO","http://www.google.com/finance?q=DO","Diamond Offshore Drilling Inc.","0.011040"
